{"train/loss": 0.8726, "train/learning_rate": 3.549408137269008e-05, "train/epoch": 0.24, "train/global_step": 64, "_timestamp": 1726062937.0360372, "_runtime": 179.97552728652954, "_step": 63, "_wandb": {"runtime": 182}}